year,month,date,deaths,population,monthly_flua_pct_pos,monthly_flub_pct_pos,monthly_rsv_pct_pos,monthly_sars_pct_pos,monthly_adj_cases
1991.0,1.0,1991-01-15,6542.0,10355101,,,,0.0,0.0
1991.0,2.0,1991-02-15,5694.0,10355101,,,,0.0,0.0
1991.0,3.0,1991-03-15,6357.0,10355101,,,,0.0,0.0
1991.0,4.0,1991-04-15,5906.0,10385937,,,,0.0,0.0
1991.0,5.0,1991-05-15,6010.0,10385937,,,,0.0,0.0
1991.0,6.0,1991-06-15,5717.0,10385937,,,,0.0,0.0
1991.0,7.0,1991-07-15,5856.0,10431316,,,,0.0,0.0
1991.0,8.0,1991-08-15,5767.0,10431316,,,,0.0,0.0
1991.0,9.0,1991-09-15,5764.0,10431316,,,,0.0,0.0
1991.0,10.0,1991-10-15,6124.0,10465562,,,,0.0,0.0
1991.0,11.0,1991-11-15,6203.0,10465562,,,,0.0,0.0
1991.0,12.0,1991-12-15,6977.0,10465562,,,,0.0,0.0
1992.0,1.0,1992-01-15,6737.0,10488022,,,,0.0,0.0
1992.0,2.0,1992-02-15,6056.0,10488022,,,,0.0,0.0
1992.0,3.0,1992-03-15,6326.0,10488022,,,,0.0,0.0
1992.0,4.0,1992-04-15,5889.0,10528346,,,,0.0,0.0
1992.0,5.0,1992-05-15,6161.0,10528346,,,,0.0,0.0
1992.0,6.0,1992-06-15,5751.0,10528346,,,,0.0,0.0
1992.0,7.0,1992-07-15,5779.0,10572205,,,,0.0,0.0
1992.0,8.0,1992-08-15,5903.0,10572205,,,,0.0,0.0
1992.0,9.0,1992-09-15,5658.0,10572205,,,,0.0,0.0
1992.0,10.0,1992-10-15,6329.0,10610665,,,,0.0,0.0
1992.0,11.0,1992-11-15,6144.0,10610665,,,,0.0,0.0
1992.0,12.0,1992-12-15,6473.0,10610665,,,,0.0,0.0
1993.0,1.0,1993-01-15,6631.0,10629994,,,,0.0,0.0
1993.0,2.0,1993-02-15,6099.0,10629994,,,,0.0,0.0
1993.0,3.0,1993-03-15,7158.0,10629994,,,,0.0,0.0
1993.0,4.0,1993-04-15,6406.0,10656924,,,,0.0,0.0
1993.0,5.0,1993-05-15,6256.0,10656924,,,,0.0,0.0
1993.0,6.0,1993-06-15,5802.0,10656924,,,,0.0,0.0
1993.0,7.0,1993-07-15,6084.0,10690038,,,,0.0,0.0
1993.0,8.0,1993-08-15,5966.0,10690038,,,,0.0,0.0
1993.0,9.0,1993-09-15,5934.0,10690038,0.0,0.0,0.0,0.0,0.0
1993.0,10.0,1993-10-15,6413.0,10728737,0.0,0.0,1.4018692,0.0,0.0
1993.0,11.0,1993-11-15,6234.0,10728737,0.0,0.0,4.3392506,0.0,0.0
1993.0,12.0,1993-12-15,6870.0,10728737,1.3872832,0.115606934,8.641975,0.0,0.0
1994.0,1.0,1994-01-15,8094.0,10744762,9.448819,0.07158196,12.5159645,0.0,0.0
1994.0,2.0,1994-02-15,6428.0,10744762,6.1965814,0.0,15.804067,0.0,0.0
1994.0,3.0,1994-03-15,6503.0,10744762,2.0107238,0.13404825,19.581959,0.0,0.0
1994.0,4.0,1994-04-15,6224.0,10776819,0.0,0.0,6.269113,0.0,0.0
1994.0,5.0,1994-05-15,6483.0,10776819,0.44843048,0.0,1.6,0.0,0.0
1994.0,6.0,1994-06-15,6187.0,10776819,0.0,0.0,1.0714285,0.0,0.0
1994.0,7.0,1994-07-15,6196.0,10819146,0.0,0.0,0.0,0.0,0.0
1994.0,8.0,1994-08-15,5926.0,10819146,0.0,0.0,0.0,0.0,0.0
1994.0,9.0,1994-09-15,6062.0,10819146,0.0,0.0,1.369863,0.0,0.0
1994.0,10.0,1994-10-15,6515.0,10860406,0.0,0.0,1.0940919,0.0,0.0
1994.0,11.0,1994-11-15,6247.0,10860406,0.0,0.2016129,2.226345,0.0,0.0
1994.0,12.0,1994-12-15,6931.0,10860406,0.1,0.0,16.23077,0.0,0.0
1995.0,1.0,1995-01-15,6946.0,10875308,1.0046368,0.23183925,25.728699,0.0,0.0
1995.0,2.0,1995-02-15,6744.0,10875308,4.8150735,0.4884857,21.316784,0.0,0.0
1995.0,3.0,1995-03-15,7278.0,10875308,13.188406,3.0917873,10.916628,0.0,0.0
1995.0,4.0,1995-04-15,6702.0,10906895,4.688701,4.9961567,8.267433,0.0,0.0
1995.0,5.0,1995-05-15,6690.0,10906895,1.7897092,2.572707,3.5379813,0.0,0.0
1995.0,6.0,1995-06-15,6179.0,10906895,0.84033614,0.28011206,1.0695187,0.0,0.0
1995.0,7.0,1995-07-15,6337.0,10950119,0.7117438,0.0,1.2383901,0.0,0.0
1995.0,8.0,1995-08-15,6081.0,10950119,0.0,0.0,2.1276596,0.0,0.0
1995.0,9.0,1995-09-15,6060.0,10950119,0.0,0.0,1.2307693,0.0,0.0
1995.0,10.0,1995-10-15,6391.0,10993416,0.0,0.0,1.2765957,0.0,0.0
1995.0,11.0,1995-11-15,6403.0,10993416,0.0,0.0,1.3384321,0.0,0.0
1995.0,12.0,1995-12-15,6918.0,10993416,1.0752689,0.30721965,7.5179,0.0,0.0
1996.0,1.0,1996-01-15,7151.0,11009307,2.062975,0.0,16.453674,0.0,0.0
1996.0,2.0,1996-02-15,6524.0,11009307,9.775171,0.39100686,25.588797,0.0,0.0
1996.0,3.0,1996-03-15,6933.0,11009307,7.4204946,1.4840989,23.780794,0.0,0.0
1996.0,4.0,1996-04-15,6476.0,11037392,2.368421,6.4473686,12.745098,0.0,0.0
1996.0,5.0,1996-05-15,6534.0,11037392,0.9881423,2.3715415,4.313099,0.0,0.0
1996.0,6.0,1996-06-15,6079.0,11037392,0.0,1.3227513,0.2415459,0.0,0.0
1996.0,7.0,1996-07-15,6231.0,11082903,0.0,0.0,0.0,0.0,0.0
1996.0,8.0,1996-08-15,6238.0,11082903,6.122449,0.0,0.0,0.0,0.0
1996.0,9.0,1996-09-15,6039.0,11082903,0.0,0.0,1.7391304,0.0,0.0
1996.0,10.0,1996-10-15,6927.0,11130574,0.0,0.0,1.048218,0.0,0.0
1996.0,11.0,1996-11-15,6556.0,11130574,1.4953271,0.0,6.329114,0.0,0.0
1996.0,12.0,1996-12-15,7593.0,11130574,10.44335,0.39408866,9.860312,0.0,0.0
1997.0,1.0,1997-01-15,8084.0,11146270,15.943205,0.5273834,10.071942,0.0,0.0
1997.0,2.0,1997-02-15,6518.0,11146270,4.2210617,3.1766753,20.825516,0.0,0.0
1997.0,3.0,1997-03-15,7001.0,11146270,1.6897081,6.950845,21.310862,0.0,0.0
1997.0,4.0,1997-04-15,6544.0,11179959,0.22727273,4.242424,12.211467,0.0,0.0
1997.0,5.0,1997-05-15,6620.0,11179959,0.108342364,1.4084507,4.8335123,0.0,0.0
1997.0,6.0,1997-06-15,6349.0,11179959,0.0,0.0,4.980843,0.0,0.0
1997.0,7.0,1997-07-15,6209.0,11227651,0.0,0.0,1.459854,0.0,0.0
1997.0,8.0,1997-08-15,6088.0,11227651,0.6756757,0.0,3.5294118,0.0,0.0
1997.0,9.0,1997-09-15,6086.0,11227651,0.0,0.0,3.3639145,0.0,0.0
1997.0,10.0,1997-10-15,6792.0,11278893,4.9180326,0.0,5.0522647,0.0,0.0
1997.0,11.0,1997-11-15,6535.0,11278893,0.16556291,0.0,2.6984127,0.0,0.0
1997.0,12.0,1997-12-15,6937.0,11278893,1.0031348,0.06269593,12.714988,0.0,0.0
1998.0,1.0,1998-01-15,7239.0,11292059,8.99729,0.08130081,12.805716,0.0,0.0
1998.0,2.0,1998-02-15,7551.0,11292059,26.730564,0.08874689,8.42656,0.0,0.0
1998.0,3.0,1998-03-15,7745.0,11292059,22.790827,0.08389262,11.559583,0.0,0.0
1998.0,4.0,1998-04-15,6431.0,11322038,4.9390635,0.06414368,10.450563,0.0,0.0
1998.0,5.0,1998-05-15,6516.0,11322038,1.420765,0.0,5.5185537,0.0,0.0
1998.0,6.0,1998-06-15,6185.0,11322038,0.0,0.0,5.0139275,0.0,0.0
1998.0,7.0,1998-07-15,6141.0,11365901,0.0,0.0,4.040404,0.0,0.0
1998.0,8.0,1998-08-15,6197.0,11365901,0.0,0.0,2.3474178,0.0,0.0
1998.0,9.0,1998-09-15,6064.0,11365901,0.9433962,0.0,2.2792022,0.0,0.0
1998.0,10.0,1998-10-15,6588.0,11408804,0.09165903,0.0,1.5741508,0.0,0.0
1998.0,11.0,1998-11-15,6744.0,11408804,0.23310024,0.0,2.1402214,0.0,0.0
1998.0,12.0,1998-12-15,6986.0,11408804,0.83234245,0.118906066,7.450524,0.0,0.0
1999.0,1.0,1999-01-15,7794.0,11419589,5.022709,0.748063,17.634636,0.0,0.0
1999.0,2.0,1999-02-15,7087.0,11419589,11.630452,3.2984211,16.113373,0.0,0.0
1999.0,3.0,1999-03-15,7695.0,11419589,13.302238,5.6156716,12.6742,0.0,0.0
1999.0,4.0,1999-04-15,6457.0,11452857,9.370277,4.1309824,7.9677258,0.0,0.0
1999.0,5.0,1999-05-15,6617.0,11452857,4.7233467,0.5398111,5.0646553,0.0,0.0
1999.0,6.0,1999-06-15,6087.0,11452857,0.98039216,0.24509804,2.1582735,0.0,0.0
1999.0,7.0,1999-07-15,6296.0,11504759,0.48899755,0.0,0.24875621,0.0,0.0
1999.0,8.0,1999-08-15,6289.0,11504759,2.5723472,0.0,1.2012012,0.0,0.0
1999.0,9.0,1999-09-15,6224.0,11504759,0.49382716,0.0,1.1792452,0.0,0.0
1999.0,10.0,1999-10-15,6666.0,11559464,1.1600928,0.0,0.79136693,0.0,0.0
1999.0,11.0,1999-11-15,6585.0,11559464,3.9548023,0.0,1.7118403,0.0,0.0
1999.0,12.0,1999-12-15,7786.0,11559464,17.115946,0.032478075,2.9738445,0.0,0.0
2000.0,1.0,2000-01-15,8537.0,11576994,25.06453,0.013585111,5.042266,0.0,0.0
2000.0,2.0,2000-02-15,6672.0,11576994,10.228848,0.034674063,20.161291,0.0,0.0
2000.0,3.0,2000-03-15,6978.0,11576994,4.151839,0.23724793,26.761103,0.0,0.0
2000.0,4.0,2000-04-15,6433.0,11621255,1.6119403,0.7164179,12.6728115,0.0,0.0
2000.0,5.0,2000-05-15,6605.0,11621255,1.5086207,0.43103448,5.3398056,0.0,0.0
2000.0,6.0,2000-06-15,6276.0,11621255,0.0,0.0,3.6484246,0.0,0.0
2000.0,7.0,2000-07-15,6515.0,11683290,0.0,0.0,2.2421525,0.0,0.0
2000.0,8.0,2000-08-15,6174.0,11683290,0.0,0.0,2.6143792,0.0,0.0
2000.0,9.0,2000-09-15,6302.0,11683290,0.0,0.0,1.4195584,0.0,0.0
2000.0,10.0,2000-10-15,6856.0,11748348,0.104166664,0.0,3.0447192,0.0,0.0
2000.0,11.0,2000-11-15,6783.0,11748348,0.24057738,0.08019246,4.979592,0.0,0.0
2000.0,12.0,2000-12-15,7395.0,11748348,0.1908397,0.09541985,14.026328,0.0,0.0
2001.0,1.0,2001-01-15,7456.0,11771945,1.2540308,0.9673952,19.49446,0.0,0.0
2001.0,2.0,2001-02-15,6589.0,11771945,4.779105,3.6121144,19.453377,0.0,0.0
2001.0,3.0,2001-03-15,7268.0,11771945,4.664555,6.8528647,12.931034,0.0,0.0
2001.0,4.0,2001-04-15,6708.0,11827345,1.659496,4.1794715,7.4671445,0.0,0.0
2001.0,5.0,2001-05-15,6761.0,11827345,0.12239902,0.97919214,4.2328043,0.0,0.0
2001.0,6.0,2001-06-15,6547.0,11827345,0.14084508,0.0,0.243309,0.0,0.0
2001.0,7.0,2001-07-15,6552.0,11897473,0.0,0.0,0.5449591,0.0,0.0
2001.0,8.0,2001-08-15,6606.0,11897473,0.0,0.0,0.0,0.0,0.0
2001.0,9.0,2001-09-15,6331.0,11897473,0.0,0.0,1.0830325,0.0,0.0
2001.0,10.0,2001-10-15,6978.0,11961546,0.0,0.0,0.77745384,0.0,0.0
2001.0,11.0,2001-11-15,6619.0,11961546,0.32362458,0.080906145,2.144389,0.0,0.0
2001.0,12.0,2001-12-15,7052.0,11961546,0.2290426,0.2748511,14.456233,0.0,0.0
2002.0,1.0,2002-01-15,7301.0,11979906,1.5037594,0.8950949,28.453608,0.0,0.0
2002.0,2.0,2002-02-15,6538.0,11979906,8.340125,5.080141,18.924673,0.0,0.0
2002.0,3.0,2002-03-15,7465.0,11979906,17.185987,7.5866075,10.329283,0.0,0.0
2002.0,4.0,2002-04-15,6687.0,12029818,13.155386,2.6692088,7.139388,0.0,0.0
2002.0,5.0,2002-05-15,6762.0,12029818,3.6164844,0.50462574,3.5683942,0.0,0.0
2002.0,6.0,2002-06-15,6330.0,12029818,0.5044136,0.1261034,2.0676692,0.0,0.0
2002.0,7.0,2002-07-15,6754.0,12093412,1.081081,0.27027026,1.9230769,0.0,0.0
2002.0,8.0,2002-08-15,6547.0,12093412,0.56925994,0.0,0.18315019,0.0,0.0
2002.0,9.0,2002-09-15,6391.0,12093412,0.17421603,0.0,0.6779661,0.0,0.0
2002.0,10.0,2002-10-15,6947.0,12145100,0.0,0.0,1.7432647,0.0,0.0
2002.0,11.0,2002-11-15,7114.0,12145100,0.5970149,0.0,4.164601,0.0,0.0
2002.0,12.0,2002-12-15,7589.0,12145100,10.139703,0.0,6.875544,0.0,0.0
2003.0,1.0,2003-01-15,7858.0,12155691,16.163334,0.042535093,13.885404,0.0,0.0
2003.0,2.0,2003-02-15,6765.0,12155691,3.4546123,0.11025358,22.585176,0.0,0.0
2003.0,3.0,2003-03-15,7434.0,12155691,1.6863407,0.47779652,18.912924,0.0,0.0
2003.0,4.0,2003-04-15,6853.0,12194269,1.3080277,0.58989483,5.4479733,0.0,0.0
2003.0,5.0,2003-05-15,6791.0,12194269,2.5535796,0.9119927,1.9927536,0.0,0.0
2003.0,6.0,2003-06-15,6565.0,12194269,0.2529511,0.16863406,0.08417509,0.0,0.0
2003.0,7.0,2003-07-15,6705.0,12243641,0.21574973,0.0,0.21367522,0.0,0.0
2003.0,8.0,2003-08-15,6598.0,12243641,0.34762457,0.0,0.115606934,0.0,0.0
2003.0,9.0,2003-09-15,6468.0,12243641,0.32822758,0.0,0.0,0.0,0.0
2003.0,10.0,2003-10-15,7186.0,12290116,0.0,0.0,0.52816904,0.0,0.0
2003.0,11.0,2003-11-15,7075.0,12290116,6.705784,0.0,1.951017,0.0,0.0
2003.0,12.0,2003-12-15,8126.0,12290116,25.163536,0.09495674,1.5498799,0.0,0.0
2004.0,1.0,2004-01-15,8067.0,12303516,22.271936,0.049714144,4.1388173,0.0,0.0
2004.0,2.0,2004-02-15,6959.0,12303516,2.861906,0.11114199,19.712582,0.0,0.0
2004.0,3.0,2004-03-15,7177.0,12303516,0.60223687,0.40149125,21.220846,0.0,0.0
2004.0,4.0,2004-04-15,6877.0,12339813,0.3501094,0.43763676,14.396887,0.0,0.0
2004.0,5.0,2004-05-15,6655.0,12339813,0.5107832,0.28376845,4.1847825,0.0,0.0
2004.0,6.0,2004-06-15,6501.0,12339813,0.46728972,0.15576324,2.1538463,0.0,0.0
2004.0,7.0,2004-07-15,6539.0,12389641,0.35778177,0.0,3.9783,0.0,0.0
2004.0,8.0,2004-08-15,6518.0,12389641,0.22222222,0.0,0.21929824,0.0,0.0
2004.0,9.0,2004-09-15,6450.0,12389641,1.3365735,0.24301337,1.0285715,0.0,0.0
2004.0,10.0,2004-10-15,7224.0,12435931,0.21074815,0.0,1.2896825,0.0,0.0
2004.0,11.0,2004-11-15,6849.0,12435931,1.0799136,0.0,1.608579,0.0,0.0
2004.0,12.0,2004-12-15,7558.0,12435931,5.484862,0.08775779,5.8043118,0.0,0.0
2005.0,1.0,2005-01-15,7905.0,12444755,13.284498,0.4949515,8.4826765,0.0,0.0
2005.0,2.0,2005-02-15,7281.0,12444755,18.61451,2.4221873,9.501423,0.0,0.0
2005.0,3.0,2005-03-15,8032.0,12444755,14.320957,6.525225,11.412358,0.0,0.0
2005.0,4.0,2005-04-15,7220.0,12476560,5.973311,10.612159,9.514887,0.0,0.0
2005.0,5.0,2005-05-15,7175.0,12476560,0.9373458,2.1706955,3.374083,0.0,0.0
2005.0,6.0,2005-06-15,6685.0,12476560,0.19588639,0.5876592,1.3422819,0.0,0.0
2005.0,7.0,2005-07-15,6745.0,12527581,0.5873715,0.0,0.0,0.0,0.0
2005.0,8.0,2005-08-15,6756.0,12527581,0.0,0.0,0.38986355,0.0,0.0
2005.0,9.0,2005-09-15,6502.0,12527581,0.0,0.18552876,0.1814882,0.0,0.0
2005.0,10.0,2005-10-15,7078.0,12578240,0.0,0.0,0.26929983,0.0,0.0
2005.0,11.0,2005-11-15,7031.0,12578240,0.13245033,0.0,0.9837963,0.0,0.0
2005.0,12.0,2005-12-15,7401.0,12578240,0.5175159,0.0,3.9814458,0.0,0.0
2006.0,1.0,2006-01-15,7449.0,12587149,1.2246213,0.1289075,8.213944,0.0,0.0
2006.0,2.0,2006-02-15,6732.0,12587149,3.9847162,2.2652838,10.355815,0.0,0.0
2006.0,3.0,2006-03-15,7630.0,12587149,7.846088,14.359415,10.137567,0.0,0.0
2006.0,4.0,2006-04-15,6953.0,12618321,12.87985,6.6152406,8.73809,0.0,0.0
2006.0,5.0,2006-05-15,7240.0,12618321,7.2519083,0.9814613,6.612903,0.0,0.0
2006.0,6.0,2006-06-15,6524.0,12618321,0.5181347,0.08635578,3.8265307,0.0,0.0
2006.0,7.0,2006-07-15,6613.0,12661953,0.2,0.1,2.2660098,0.0,0.0
2006.0,8.0,2006-08-15,6872.0,12661953,0.2853067,0.0,1.2747875,0.0,0.0
2006.0,9.0,2006-09-15,6677.0,12661953,0.16038492,0.0,0.9456265,0.0,0.0
2006.0,10.0,2006-10-15,7400.0,12701324,0.0,0.0,1.9186046,0.0,0.0
2006.0,11.0,2006-11-15,7089.0,12701324,0.18298262,0.09149131,8.146191,0.0,0.0
2006.0,12.0,2006-12-15,7719.0,12701324,3.1616185,0.04421844,20.450644,0.0,0.0
2007.0,1.0,2007-01-15,8230.0,12703327,9.327336,0.019554164,21.494274,0.0,0.0
2007.0,2.0,2007-02-15,7550.0,12703327,17.855015,0.09930486,8.994501,0.0,0.0
2007.0,3.0,2007-03-15,7834.0,12703327,20.922882,0.21070375,5.7989154,0.0,0.0
2007.0,4.0,2007-04-15,7220.0,12727090,4.523425,0.80775446,3.1658092,0.0,0.0
2007.0,5.0,2007-05-15,7119.0,12727090,1.4616321,0.9135201,1.0167464,0.0,0.0
2007.0,6.0,2007-06-15,6822.0,12727090,0.15923567,0.5573248,0.3169572,0.0,0.0
2007.0,7.0,2007-07-15,6987.0,12765133,0.0,0.0,0.6729475,0.0,0.0
2007.0,8.0,2007-08-15,6544.0,12765133,0.27894002,0.0,0.27700832,0.0,0.0
2007.0,9.0,2007-09-15,6717.0,12765133,0.30800822,0.0,0.40201005,0.0,0.0
2007.0,10.0,2007-10-15,7234.0,12807497,0.14336918,0.07168459,1.2613875,0.0,0.0
2007.0,11.0,2007-11-15,7350.0,12807497,0.33594626,0.0,2.4959304,0.0,0.0
2007.0,12.0,2007-12-15,7981.0,12807497,6.590064,0.0337952,8.595524,0.0,0.0
2008.0,1.0,2008-01-15,7762.0,12814686,8.532423,0.4171407,14.815505,0.0,0.0
2008.0,2.0,2008-02-15,7405.0,12814686,4.716806,1.8012999,16.266716,0.0,0.0
2008.0,3.0,2008-03-15,7974.0,12814686,9.202789,7.110625,10.166032,0.0,0.0
2008.0,4.0,2008-04-15,7732.0,12840482,10.9231,13.295059,3.0923147,0.0,0.0
2008.0,5.0,2008-05-15,7315.0,12840482,4.1934714,6.5046463,2.039848,0.0,0.0
2008.0,6.0,2008-06-15,6756.0,12840482,1.1135857,1.2620639,1.1529592,0.0,0.0
2008.0,7.0,2008-07-15,6945.0,12883824,0.53937435,0.10787486,1.1235955,0.0,0.0
2008.0,8.0,2008-08-15,6851.0,12883824,0.11494253,0.3448276,0.45300114,0.0,0.0
2008.0,9.0,2008-09-15,6714.0,12883824,0.0,0.20325203,0.50403225,0.0,0.0
2008.0,10.0,2008-10-15,7546.0,12927520,0.0,0.0,1.159047,0.0,0.0
2008.0,11.0,2008-11-15,7395.0,12927520,0.15226494,0.0,3.4789045,0.0,0.0
2008.0,12.0,2008-12-15,7878.0,12927520,0.5050505,1.2265512,9.753558,0.0,0.0
2009.0,1.0,2009-01-15,8389.0,12932742,2.2507472,5.187269,12.245961,0.0,0.0
2009.0,2.0,2009-02-15,7189.0,12932742,4.4756618,8.755309,11.353083,0.0,0.0
2009.0,3.0,2009-03-15,7856.0,12932742,8.428974,7.2812796,9.126672,0.0,0.0
2009.0,4.0,2009-04-15,7310.0,12956924,7.3191733,1.7795637,6.5824275,0.0,0.0
2009.0,5.0,2009-05-15,7343.0,12956924,7.8166103,0.28811225,1.7826664,0.0,0.0
2009.0,6.0,2009-06-15,7136.0,12956924,10.322998,0.035968635,0.25575447,0.0,0.0
2009.0,7.0,2009-07-15,7002.0,12998941,5.6808486,0.04876265,0.041692726,0.0,0.0
2009.0,8.0,2009-08-15,6817.0,12998941,2.2281344,0.09976721,0.06917224,0.0,0.0
2009.0,9.0,2009-09-15,6790.0,12998941,0.9137508,0.0,0.39257672,0.0,0.0
2009.0,10.0,2009-10-15,7634.0,13048442,9.898235,0.02196354,0.42333642,0.0,0.0
2009.0,11.0,2009-11-15,7388.0,13048442,,,,0.0,0.0
2009.0,12.0,2009-12-15,7823.0,13048442,,,,0.0,0.0
2010.0,1.0,2010-01-15,8059.0,13059426,,,,0.0,0.0
2010.0,2.0,2010-02-15,7135.0,13059426,,,,0.0,0.0
2010.0,3.0,2010-03-15,7889.0,13059426,,,,0.0,0.0
2010.0,4.0,2010-04-15,7256.0,13088924,,,,0.0,0.0
2010.0,5.0,2010-05-15,7359.0,13088924,,,,0.0,0.0
2010.0,6.0,2010-06-15,6699.0,13088924,,,,0.0,0.0
2010.0,7.0,2010-07-15,7096.0,13136481,,,,0.0,0.0
2010.0,8.0,2010-08-15,7186.0,13136481,,,,0.0,0.0
2010.0,9.0,2010-09-15,7220.0,13136481,1.3663535,0.0,0.34158838,0.0,0.0
2010.0,10.0,2010-10-15,7850.0,13189987,1.67727,0.0578369,0.23201856,0.0,0.0
2010.0,11.0,2010-11-15,7457.0,13189987,6.007282,0.42475727,2.2126613,0.0,0.0
2010.0,12.0,2010-12-15,8347.0,13189987,26.487747,0.67094517,2.8054862,0.0,0.0
2011.0,1.0,2011-01-15,8614.0,13199081,20.664433,1.2648582,5.857345,0.0,0.0
2011.0,2.0,2011-02-15,7548.0,13199081,12.578616,1.7861636,11.045918,0.0,0.0
2011.0,3.0,2011-03-15,8093.0,13199081,5.268357,4.675667,13.021869,0.0,0.0
2011.0,4.0,2011-04-15,7543.0,13222146,1.0140029,5.0217285,8.398058,0.0,0.0
2011.0,5.0,2011-05-15,7611.0,13222146,0.24193548,1.2903225,3.3925686,0.0,0.0
2011.0,6.0,2011-06-15,6920.0,13222146,0.0,0.0,2.1638331,0.0,0.0
2011.0,7.0,2011-07-15,7157.0,13262345,0.41039672,0.0,0.68399453,0.0,0.0
2011.0,8.0,2011-08-15,7050.0,13262345,0.0,0.3267974,0.98039216,0.0,0.0
2011.0,9.0,2011-09-15,6963.0,13262345,0.0,0.0,0.33898306,0.0,0.0
2011.0,10.0,2011-10-15,7621.0,13310604,0.0,0.0,1.3481829,0.0,0.0
2011.0,11.0,2011-11-15,7464.0,13310604,0.3448276,0.11494253,5.0469484,0.0,0.0
2011.0,12.0,2011-12-15,7708.0,13310604,0.83144367,0.6046863,13.16726,0.0,0.0
2012.0,1.0,2012-01-15,8127.0,13325337,1.9300052,2.4704065,17.898727,0.0,0.0
2012.0,2.0,2012-02-15,7386.0,13325337,4.095266,11.675864,18.81804,0.0,0.0
2012.0,3.0,2012-03-15,7812.0,13325337,5.8956347,23.080782,7.4857607,0.0,0.0
2012.0,4.0,2012-04-15,7498.0,13350123,2.773299,14.801677,2.7055151,0.0,0.0
2012.0,5.0,2012-05-15,7549.0,13350123,1.1740332,7.11326,1.5965167,0.0,0.0
2012.0,6.0,2012-06-15,6915.0,13350123,0.23640662,0.59101653,0.82840234,0.0,0.0
2012.0,7.0,2012-07-15,7132.0,13392364,0.9635974,0.10706638,0.53648067,0.0,0.0
2012.0,8.0,2012-08-15,7365.0,13392364,0.0,0.0,0.41493776,0.0,0.0
2012.0,9.0,2012-09-15,7086.0,13392364,0.768738,0.0640615,0.51282054,0.0,0.0
2012.0,10.0,2012-10-15,7788.0,13436625,2.4886878,0.22624435,1.8181819,0.0,0.0
2012.0,11.0,2012-11-15,7658.0,13436625,13.478727,0.25026813,3.984375,0.0,0.0
2012.0,12.0,2012-12-15,8773.0,13436625,34.298595,0.51102203,5.5682106,0.0,0.0
2013.0,1.0,2013-01-15,9423.0,13446276,25.752058,0.66100097,9.273489,0.0,0.0
2013.0,2.0,2013-02-15,7662.0,13446276,10.648262,3.3029332,15.932203,0.0,0.0
2013.0,3.0,2013-03-15,8120.0,13446276,4.3828716,5.667506,15.034674,0.0,0.0
2013.0,4.0,2013-04-15,7678.0,13469151,1.9781995,7.7513123,5.649466,0.0,0.0
2013.0,5.0,2013-05-15,7607.0,13469151,1.1795543,3.3420708,2.806297,0.0,0.0
2013.0,6.0,2013-06-15,7130.0,13469151,0.51132214,0.29218408,1.7751479,0.0,0.0
2013.0,7.0,2013-07-15,7498.0,13511902,0.47393364,0.0,0.5966587,0.0,0.0
2013.0,8.0,2013-08-15,7215.0,13511902,0.52910054,0.08818342,0.35113838,0.0,0.0
2013.0,9.0,2013-09-15,7194.0,13511902,0.16778524,0.111856826,1.0728402,0.0,0.0
2013.0,10.0,2013-10-15,7806.0,13559499,0.36350417,0.14540167,1.2037915,0.0,0.0
2013.0,11.0,2013-11-15,7815.0,13559499,2.1430001,0.12016824,2.3993268,0.0,0.0
2013.0,12.0,2013-12-15,8543.0,13559499,15.331187,0.25410807,8.584085,0.0,0.0
2014.0,1.0,2014-01-15,8940.0,13563311,25.288683,0.47838998,9.496663,0.0,0.0
2014.0,2.0,2014-02-15,7671.0,13563311,12.502707,2.3381684,11.522127,0.0,0.0
2014.0,3.0,2014-03-15,8392.0,13563311,3.9342,9.858507,10.397101,0.0,0.0
2014.0,4.0,2014-04-15,8137.0,13583220,1.7706821,18.911467,4.4595394,0.0,0.0
2014.0,5.0,2014-05-15,8024.0,13583220,1.6076059,10.769231,2.32624,0.0,0.0
2014.0,6.0,2014-06-15,7422.0,13583220,0.6378455,0.85046065,1.2915361,0.0,0.0
2014.0,7.0,2014-07-15,7346.0,13617763,0.80906147,0.40453073,0.8425492,0.0,0.0
2014.0,8.0,2014-08-15,7659.0,13617763,0.31876138,0.09107468,0.50068086,0.0,0.0
2014.0,9.0,2014-09-15,7578.0,13617763,0.25839794,0.064599484,0.29146382,0.0,0.0
2014.0,10.0,2014-10-15,7977.0,13661282,0.6527121,0.22507314,1.6989048,0.0,0.0
2014.0,11.0,2014-11-15,8254.0,13661282,2.7699919,0.04946414,5.7842045,0.0,0.0
2014.0,12.0,2014-12-15,8822.0,13661282,22.181437,0.27530152,11.498358,0.0,0.0
2015.0,1.0,2015-01-15,9831.0,13657423,30.37907,0.3057807,9.14523,0.0,0.0
2015.0,2.0,2015-02-15,8449.0,13657423,20.389383,1.3657497,8.770214,0.0,0.0
2015.0,3.0,2015-03-15,8610.0,13657423,9.61329,5.623638,7.365065,0.0,0.0
2015.0,4.0,2015-04-15,8177.0,13669290,3.0741735,10.062556,5.3561697,0.0,0.0
2015.0,5.0,2015-05-15,7913.0,13669290,0.5180353,5.8710666,1.9567853,0.0,0.0
2015.0,6.0,2015-06-15,7336.0,13669290,1.0454363,1.2062726,0.31245106,0.0,0.0
2015.0,7.0,2015-07-15,7647.0,13709293,0.64102566,0.049309663,0.19535114,0.0,0.0
2015.0,8.0,2015-08-15,7679.0,13709293,0.7270694,0.055928413,0.16854566,0.0,0.0
2015.0,9.0,2015-09-15,7430.0,13709293,0.18132366,0.09066183,0.41152263,0.0,0.0
2015.0,10.0,2015-10-15,8349.0,13759762,1.4820914,0.14409222,0.4118865,0.0,0.0
2015.0,11.0,2015-11-15,7907.0,13759762,0.8340462,0.106929,0.67446566,0.0,0.0
2015.0,12.0,2015-12-15,8306.0,13759762,1.5826495,0.15631106,4.9791923,0.0,0.0
2016.0,1.0,2016-01-15,8751.0,13774364,5.553423,0.67818296,12.097901,0.0,0.0
2016.0,2.0,2016-02-15,8317.0,13774364,21.725624,3.417176,12.3726635,0.0,0.0
2016.0,3.0,2016-03-15,8858.0,13774364,26.60109,7.5932345,6.558108,0.0,0.0
2016.0,4.0,2016-04-15,8332.0,13816652,9.823553,9.883029,4.051542,0.0,0.0
2016.0,5.0,2016-05-15,8410.0,13816652,2.38193,6.9609857,3.2731786,0.0,0.0
2016.0,6.0,2016-06-15,7492.0,13816652,0.7849829,1.2969283,1.7353742,0.0,0.0
2016.0,7.0,2016-07-15,7691.0,13876500,0.6175222,0.15438055,1.1236434,0.0,0.0
2016.0,8.0,2016-08-15,7982.0,13876500,0.42872456,0.10718114,0.85975283,0.0,0.0
2016.0,9.0,2016-09-15,7816.0,13876500,0.7249295,0.24164318,1.16956,0.0,0.0
2016.0,10.0,2016-10-15,8650.0,13948180,1.0276532,0.09342302,1.3292197,0.0,0.0
2016.0,11.0,2016-11-15,8421.0,13948180,2.4693584,0.12617159,4.757807,0.0,0.0
2016.0,12.0,2016-12-15,9046.0,13948180,14.254015,0.15849535,12.926634,0.0,0.0
2017.0,1.0,2017-01-15,10044.0,13975516,27.921785,0.19939539,12.393754,0.0,0.0
2017.0,2.0,2017-02-15,8696.0,13975516,22.599314,0.8141246,14.16961,0.0,0.0
2017.0,3.0,2017-03-15,9095.0,13975516,14.103382,2.897256,9.93209,0.0,0.0
2017.0,4.0,2017-04-15,8182.0,14012209,5.3039923,7.180138,5.4935102,0.0,0.0
2017.0,5.0,2017-05-15,8330.0,14012209,1.5962036,5.867127,2.2663643,0.0,0.0
2017.0,6.0,2017-06-15,8008.0,14012209,0.7560337,1.2503635,0.5505389,0.0,0.0
2017.0,7.0,2017-07-15,8101.0,14078499,0.7586207,0.37931034,0.454039,0.0,0.0
2017.0,8.0,2017-08-15,8277.0,14078499,0.808369,0.095102236,0.62764937,0.0,0.0
2017.0,9.0,2017-09-15,8239.0,14078499,1.6855655,0.12258658,0.4696875,0.0,0.0
2017.0,10.0,2017-10-15,8658.0,14161084,0.87929654,0.18651745,1.0583605,0.0,0.0
2017.0,11.0,2017-11-15,8811.0,14161084,1.9294605,0.3526971,2.8411455,0.0,0.0
2017.0,12.0,2017-12-15,9594.0,14161084,7.3681555,4.2392125,7.010467,0.0,0.0
2018.0,1.0,2018-01-15,10844.0,14199811,14.3145485,11.852091,7.4747963,0.0,0.0
2018.0,2.0,2018-02-15,9234.0,14199811,15.391815,13.885817,6.1680274,0.0,0.0
2018.0,3.0,2018-03-15,9518.0,14199811,12.561922,9.346668,4.175119,0.0,0.0
2018.0,4.0,2018-04-15,8878.0,14251136,9.211632,5.244579,2.7446117,0.0,0.0
2018.0,5.0,2018-05-15,8656.0,14251136,2.6308181,1.6767852,1.6571342,0.0,0.0
2018.0,6.0,2018-06-15,8257.0,14251136,0.6386555,0.033613447,0.81765705,0.0,0.0
2018.0,7.0,2018-07-15,8324.0,14326746,0.5489022,0.0499002,0.44817224,0.0,0.0
2018.0,8.0,2018-08-15,8348.0,14326746,0.44817927,0.11204482,0.50647885,0.0,0.0
2018.0,9.0,2018-09-15,8299.0,14326746,0.5074532,0.095147476,0.8411125,0.0,0.0
2018.0,10.0,2018-10-15,8897.0,14413055,0.95191604,0.048816208,0.8537782,0.0,0.0
2018.0,11.0,2018-11-15,8963.0,14413055,1.745361,0.38581663,2.114006,0.0,0.0
2018.0,12.0,2018-12-15,9373.0,14413055,10.260606,0.16360874,7.6412535,0.0,0.0
2019.0,1.0,2019-01-15,9968.0,14449986,16.983969,0.21042085,11.753311,0.0,0.0
2019.0,2.0,2019-02-15,8827.0,14449986,17.423597,0.28004384,11.051334,0.0,0.0
2019.0,3.0,2019-03-15,9413.0,14449986,14.53283,0.64563286,5.413978,0.0,0.0
2019.0,4.0,2019-04-15,8850.0,14493612,12.677502,1.3173653,2.5979125,0.0,0.0
2019.0,5.0,2019-05-15,8922.0,14493612,5.34645,1.1120616,1.4633254,0.0,0.0
2019.0,6.0,2019-06-15,8286.0,14493612,1.3864381,0.90748674,0.6996217,0.0,0.0
2019.0,7.0,2019-07-15,8522.0,14573565,0.44702727,0.26821637,0.44717994,0.0,0.0
2019.0,8.0,2019-08-15,8494.0,14573565,1.004016,0.12048193,0.7180314,0.0,0.0
2019.0,9.0,2019-09-15,8329.0,14573565,0.5555556,0.18518518,0.74796146,0.0,0.0
2019.0,10.0,2019-10-15,9198.0,14666727,0.35246727,0.17623363,0.8282548,0.0,0.0
2019.0,11.0,2019-11-15,9341.0,14666727,1.5490282,0.51147157,3.4825063,0.0,0.0
2019.0,12.0,2019-12-15,9715.0,14666727,9.967369,2.9219816,9.445482,0.0,0.0
2020.0,1.0,2020-01-15,10166.0,14718155,19.78729,4.120118,7.866729,0.0,0.0
2020.0,2.0,2020-02-15,8941.0,14718155,11.695857,6.0121255,5.545217,0.0,0.0
2020.0,3.0,2020-03-15,9638.0,14718155,4.0827537,3.0849507,3.3460119,0.0,35215.06
2020.0,4.0,2020-04-15,11144.0,14752374,0.24287128,0.37779978,1.3149635,0.0,276613.66
2020.0,5.0,2020-05-15,10129.0,14752374,0.29396045,0.64136827,0.4359496,0.0,121813.586
2020.0,6.0,2020-06-15,8686.0,14752374,0.0,0.15940489,0.26332623,0.0,24126.098
2020.0,7.0,2020-07-15,8925.0,14761811,0.14184397,0.28368795,0.0,0.0,11753.091
2020.0,8.0,2020-08-15,8901.0,14761811,0.09174312,0.18348624,0.13931744,0.0,9900.351
2020.0,9.0,2020-09-15,8967.0,14761811,0.059808612,0.0,0.23603462,0.0,22463.693
2020.0,10.0,2020-10-15,9759.0,14757582,0.030534351,0.0,0.034260515,0.0,84912.61
2020.0,11.0,2020-11-15,10021.0,14757582,0.12900847,0.055289347,0.056238007,0.0,207527.38
2020.0,12.0,2020-12-15,10794.0,14757582,0.057134695,0.0,0.044741087,0.0,251893.77
2021.0,1.0,2021-01-15,11620.0,14772726,0.0,0.0,0.041207347,0.0,325306.66
2021.0,2.0,2021-02-15,9456.0,14772726,0.03875969,0.0,0.037972167,0.0,63851.34
2021.0,3.0,2021-03-15,9780.0,14772726,0.021340162,0.0,0.043144986,0.0,77990.13
2021.0,4.0,2021-04-15,9907.0,14808093,0.0,0.0,0.0,0.0,131602.31
2021.0,5.0,2021-05-15,9905.0,14808093,0.0,0.0,0.046632126,0.0,83054.2
2021.0,6.0,2021-06-15,8768.0,14808093,0.0,0.0,0.03396739,0.0,17594.541
2021.0,7.0,2021-07-15,8939.0,14842488,0.02793296,0.0,0.02045728,0.0,10087.945
2021.0,8.0,2021-08-15,9360.0,14842488,0.026399156,0.0,0.5788223,0.0,23174.22
2021.0,9.0,2021-09-15,9525.0,14842488,0.034971148,0.0,3.5167713,0.0,24100.877
2021.0,10.0,2021-10-15,10033.0,14938314,0.019277109,0.0,8.971186,0.0,21777.549
2021.0,11.0,2021-11-15,10015.0,14938314,0.09169265,0.0,11.893532,0.0,27057.89
2021.0,12.0,2021-12-15,10641.0,14938314,0.1666551,0.0,15.68728,0.0,153842.56
2022.0,1.0,2022-01-15,13093.0,14995433,0.046070818,0.013163091,5.60778,0.0,885273.2
2022.0,2.0,2022-02-15,10338.0,14995433,0.051387463,0.012846866,1.1964263,0.0,143893.53
2022.0,3.0,2022-03-15,9998.0,14995433,0.17084283,0.0,1.0813043,0.0,126406.06
2022.0,4.0,2022-04-15,9753.0,15042458,2.1250257,0.010315659,0.8859911,0.0,404046.25
2022.0,5.0,2022-05-15,10003.0,15042458,5.1011853,0.0,0.968503,0.0,351529.44
2022.0,6.0,2022-06-15,9268.0,15042458,3.0098505,0.018241517,1.6428311,0.0,152023.42
2022.0,7.0,2022-07-15,9911.0,15141455,0.48788166,0.015738118,1.4635605,0.0,563742.7
2022.0,8.0,2022-08-15,10203.0,15141455,0.18934911,0.02366864,1.6328125,0.0,392695.7
2022.0,9.0,2022-09-15,9886.0,15141455,0.2483011,0.010454783,0.7904081,12.464435,2688.936
2022.0,10.0,2022-10-15,11156.0,15289550,3.146926,0.034734283,3.2504182,16.290827,0.0
2022.0,11.0,2022-11-15,10988.0,15289550,13.999397,0.045207955,7.0803857,13.784335,0.0
2022.0,12.0,2022-12-15,11508.0,15289550,10.241553,0.041957203,7.823701,13.968511,0.0
2023.0,1.0,2023-01-15,11036.0,15402095,1.5026151,0.0885519,6.334745,15.363332,0.0
2023.0,2.0,2023-02-15,9572.0,15402095,0.36929613,0.26643282,3.121952,12.483801,0.0
2023.0,3.0,2023-03-15,10508.0,15402095,0.30878276,0.79651916,1.4877715,11.385448,0.0
2023.0,4.0,2023-04-15,9752.0,15478287,0.27149913,1.5570312,0.7130941,9.236956,0.0
2023.0,5.0,2023-05-15,9888.0,15478287,0.33964095,1.5202976,0.452879,8.678819,0.0
2023.0,6.0,2023-06-15,9424.0,15478287,0.4657042,0.8316147,0.17298736,7.1981697,0.0
2023.0,7.0,2023-07-15,9341.0,15623207,0.4711355,0.22065839,0.34007517,6.784534,0.0
2023.0,8.0,2023-08-15,9723.0,15623207,0.4005703,0.088261254,0.46173695,9.979944,0.0
2023.0,9.0,2023-09-15,9725.0,15623207,0.3144166,0.06987035,1.1454086,16.230326,0.0
2023.0,10.0,2023-10-15,10474.0,15818465,0.39792323,0.034107704,3.1191964,17.320019,0.0
2023.0,11.0,2023-11-15,10831.0,15818465,1.8270605,0.07640435,7.554315,19.60167,0.0
2023.0,12.0,2023-12-15,11414.0,15818465,9.477615,0.39554515,6.1463995,18.75754,0.0
2024.0,1.0,2024-01-15,11509.0,15944379,9.62231,0.5441993,3.2589262,14.016781,0.0
2024.0,2.0,2024-02-15,9707.0,15944379,7.3422613,1.6756613,1.5157572,8.166223,0.0
2024.0,3.0,2024-03-15,9982.0,15944379,4.093533,3.4929152,0.819242,5.005308,0.0
2024.0,4.0,2024-04-15,8739.0,16033583,1.7951124,2.8232222,0.6613055,4.9578376,0.0
2024.0,5.0,2024-05-15,7948.0,16033583,0.6273702,1.020647,0.28603584,8.125605,0.0
2024.0,6.0,2024-06-15,6275.0,16033583,0.41072202,0.22697794,0.19546096,7.018033,0.0
